344126,Angelino,Debora Revello,83200433A,54700                       
344127,Benedigno,Zunica Sanestevan,13913284D,50300                   
344128,Francesca,Hinojal Loup,84647281J,52500                        
344130,Gabita,Selva Imiesta,32698468N,52200                          
344131,Kamyar,Bialostozky Lomas,55931290M,53700                      
344134,Aixa,Bullejos Peres,79094250X,53100                           
344137,Faustinian,Suay Manzuco,56634183H,50300                       
344138,Alborada,Sawraocalla Eruiti,90336862S,50300                   
344141,Kees,Erdozain Numosa,34717498X,55000                          
344143,Frances,Perramont Pusach,90802794J,53700                      
344146,Asis,Madria Guilanya,75102739B,50400                          
344147,Christel,Angeril Tarrio,58235495R,54800                       
344148,Albeni,Devares Estefania,10890579X,54600                      
344149,Aleth,Makre Pachiardi,49360792D,50000                         
344150,Axel,Moralejo Heredia,84832901T,51500                         
344151,Abdiel,Angurell Huberti,25875693A,51900                       
344154,August,Prat Sivill,26868835M,54800                            
344158,Candeler,Toja Labadie,62613813Q,52600                         
344160,Gesa,Terrat Mecoleta,86270190L,51700                          
344161,Kati,Mange Ayachi,69164557S,52900                             
344163,Arola,Lapargada Regodon,73492836Q,52800                       
344164,Bouchna,Pa�uelas Avellanesa,72848039R,53800                   
344165,Gaspy,Bistue Sarriegui,53584429H,53400                        
344167,Argimir,Cojano Nande,34420966V,53800                          
344168,Audilia,Domeco Papell,96868526R,53400                         
344171,Atlante,Canaus Balderas,71482605P,50600                       
344172,Booz,Gottschalk Puntas,83297656M,50300                        
344173,Celesti,Billig Montivero,52071619X,54500                      
344174,Gerado,Sancosmed Roser,22067243P,51600                        
344175,Eusiquio,Brennan Llargues,81762788L,51500                     
344178,Gervasi,Wagner Make,51125594K,52800                           
344179,Katrin,Odina Padreco,19385242Z,52000                          
344181,Katrina,Guiscafre Bouquin,20014517D,52900                     
344184,Evidencio,Contera Baston,84670319M,52600                      
344185,Anashe,Somolinos Angelozzi,94128923C,52900                    
344186,Biotxa,Ydrach Rosado,36058381Q,53100                          
344187,Benedito,Juvinya Villaley,76286775F,53200                     
344192,Gerard,Gerra Rossich,48371982S,52700                          
344193,Benet,Lasic Fachado,95177025N,53100                           
344194,Celesti,Bermal Areopajita,54575786Y,52000                     
344196,Ben,Dabouza Suspedra,59557074T,51000                          
344197,Antulio,Beladrich Lorenz,44247543M,52900                      
344201,Fontcald,Paxeras Matobella,52547977S,51300                    
344202,Aliette,Ciffone Oyonate,25643903F,50100                       
344203,Flocelo,Monguilot Madge,90936431C,54900                       
344206,Circe,Holt Mauchan,28657485Z,50400                            
344209,Gaudenci,Camarena Sadhwani,94684264A,51600                    
344210,Fredeswind,Bruch Coixa,74094375J,52100                        
344211,Ariana,Berniz Gabela,13312439Q,51800                          
344214,Adamina,Casarella Tolon,28466764D,54900                       
344215,Beny,Nelson Goixart,34888542A,50100                           
344216,Flabio,Peralvarez Ba�ez,78081405Q,50100                       
344217,Amadeu,Gobbe Escoti,74704463A,52700                           
344219,Albita,Inges Estian,27823421E,53600                           
344221,Fresia,Forcon Saldanha,59383894X,51400                        
344223,Albert,Contrasta Pandiello,31530348Q,54000                    
344228,Cesiria,Marugan Cemdra,53091466Z,50100                        
344230,Florangel,Garbajosa Casillanis,34152117S,51100                
344232,Flavia,Leveroni Susias,59410613A,53300                        
344233,Bienue,Gabarda Haza,56932744Q,51500                           
344237,Franck,Levia Corugo,69892853Q,53200                           
344238,Agapito,Sarbach Bubio,52718109Q,53300                         
344239,Evarist,Cede�o Crouzillac,20967261R,52900                     
344240,Arsinoe,Sobel Yyau,66784439Y,51500                            
344241,Gerardo,Serafino Colchon,45089949J,53200                      
344242,Casta�ar,Georgion Hepbrun,31157138G,53900                     
344246,Auriola,Monraval Blage,77753443B,52300                        
344247,Baylay,Santeodoro Orcau,38299497N,54900                       
344249,Fiorella,Hernica ,63409456C,54300                             
344251,Gara,Ubeira Pi�ero,85795025B,51500                            
344253,Agracia,Oranto Carlucci,98351281S,52000                       
344256,Aluaro,Lopex Serrando,54058321H,50900                         
344257,Ewald,Goizueta Rosendahl,22352734T,52000                      
344258,Abilio,Valdebel Isusi,31489874E,52100                         
344259,Fancisco,Ortu�o Gra�on,57467633V,52600                        
344260,Fabiano,Colino Geira,84437540D,51200                          
344261,Carlina,Villatobas Ravert,49557997N,51200                     
344264,Belen,Abey Zanoguera,87506212K,51300                          
344265,Circuncision,Fortunez Mascarreras,86810656P,53800             
344268,Bersi,Bozzo Rivoldi,19072042M,51100                           
344269,Aldo,Coalla Visaira,35403650A,50100                           
344270,Alina,Marcheti Rallo,70828042W,54300                          
344273,Adan,Cachedo Extrada,72010304H,50800                          
344274,Bonoso,Mu�uzuri Monset,28888640L,53700                        
344277,Frederick,Ona Seron,66261573E,52700                           
344278,Adamina,Marsi�ach Perezdolz,44770107D,54800                   
344280,Alis,Missio Sierrra,52926894F,54900                           
344283,Floberto,Pascualera Encarnacao,87653879M,54200                
344284,Bladimiro,Rubirola Silvela,83950433L,50500                    
344289,Baldomino,Murilla Maquinay,27602877W,52200                    
344290,Faleg,Asens Pedreny,22753572V,54400                           
344293,Anahi,Grijalbo Encarnado,39478205Q,51200                      
344294,Argemiro,Marschal Llusio,98851360M,51900                      
344295,Campillo,Gaitan Ubasart,46884263M,53100                       
344297,Angelita,Escariz Quenon,84660838T,50400                       
344298,Frumencio,Fusellas Boule,15299016Z,53500                      
344300,Abderraman,Chaguaceda Rotes,32111731M,51600                   
344302,Felicio,Virriales Vilatersana,17766247N,52500                 
344303,Chona,Golarons ,64531594B,52100                               
344304,Gemma,Cobian Clara,83468708Y,52900                            
344306,Aimee,Belando Maibach,17424136A,50000                         
344307,Frederich,Ulver Guasca,11396346F,51200                        
344308,Arnaldo,Recena Llabines,66198431S,51400                       
344313,Aleida,Cevenini Datzira,85799621F,50600                       
344315,Gerlac,Fuxet Mele,73971646N,50600                             
344319,Arsenio,Lapedra Bonsjoch,51117425V,54500                      
344321,Felicite,Fornis Amarillo,93907642E,50600                      
344325,Eve,Surriba Jobierre,45729817K,51300                          
344328,Asela,Llunell Regis,96405241M,51100                           
344331,Fracesca,Ganbon Davie,51223129J,50200                         
344333,Alin,Hannemann Engita,40359213D,51700                         
344335,Gilberta,Gimber Monsalbe,96915452F,50400                      
344338,Alena,Chifflier Puliol,13915603M,52400                        
344342,Castrovido,Klenner Pe�arrubia,31392725W,50700                 
344345,Ausilia,Beleunces Fa�aras,67191878T,54300                     
344348,Agustudora,Mairelles Aucarazpe,49880355W,50100                
344350,Festiva,Biguet Aristiyeta,48877565N,53500                     
344351,Fortuoso,Ramozzi Corco,78594685M,54500                        
344353,Farid,Eusamio Izqiierdo,30296007Q,53300                       
344360,Alida,Saura Valvidares,81532805J,50600                        
344362,Faust,Blanchadell Barnil,61425397X,50000                      
344364,Alejandrin,Gitrama Monsech,76914636Z,54200                    
344367,Katja,Serranito Labeaga,20967562A,54100                       
344370,Chiquinqui,Ara ,61458113C,52100                               
343877,Gianni,Sansaluado Abdelasis,24352922Q,54500                   
343880,Bulmaro,Killius Riviere,32985117N,51200                       
343882,Atef,Aizalde Bachol,44351815H,54000                           
343884,Fandila,Fones Balat,97154138E,50600                           
343887,Baltasara,Domingo Sagols,11555079V,53600                      
343890,Audencio,Qesco Iba�ez,27323766L,52500                         
343891,Beline,Arrien Gotdia,99429583P,50600                          
343892,Benet,Ontivero Surli,28751428W,51900                          
343893,Europa,Paxau Santmarti,65569218J,54200                        
343894,Jaime,Nainani Presutto,93313737J,53200                        
343896,Benjamina,Anglora Ancesa,32779736K,52700                      
343900,Anadina,Fonquerne Esparre,71263163D,52600                     
343901,Bernice,Duesco Arantegui,79594363B,50800                      
343904,Fulgencia,Aibal Huelves,23299577W,52800                       
343905,Filomena,Maikas Hirsemann,25262778S,52000                     
343906,Gael,Salud Llera,82274899N,50100                              
343907,Cecira,Ballestero Labara,99969999Q,54600                      
343910,Camerino,Cumbriu Turruella,99899669C,52300                    
343911,Faz,Curtit Legrand,20873499X,53200                            
343914,Arancha,Campal Saa,33244590E,50200                            
343916,Selene,Vitria Baldris,25135632J,50800                         
343917,Alexandrina,Lidon Magano,45122231A,55000                      
343918,April,Baez Saletas,47790996D,51900                            
343921,Gaspar,Griffell Aspiroz,11741191J,53900                       
343923,Aurea,Guirles Lerga,35155705K,50300                           
343924,Bartolomea,Penayo Jereza,95022557N,52500                      
343925,Bergelina,Carlay Micolao,71020808M,51600                      
343927,Alonso,Asselle Laste,96618738Q,53300                          
343930,Frederich,Llausi Raubert,41471798S,52400                      
343933,Benamor,Piculla Lentijo,88517535B,54400                       
343938,Aquil�li,Berlana Chafino,25511638S,50000                      
343939,Balbino,Zarzano Espi,67857184P,52700                          
343941,Aquino,Ardel Ortodo,65992851D,50900                           
343944,Floriluz,Thoa Pines,19977689G,52700                           
343948,Cielos,Melevares Montillo,94920978R,51100                     
343949,Fredy,Citera Cister,45474391X,53100                           
343951,Formerio,Jorquera Teichert,22912531T,52800                    
343952,Angell,Hartmann Elawad,83516804D,53900                        
343954,Florencio,Silas Espelleja,92764501G,50600                     
343957,Atenea,Caparrros Araneda,89697114N,52800                      
343958,Benaventur,Cabrejas Yrles,89962445S,51400                     
343959,Feliz,Bauer Antunes,14575468T,51000                           
343960,Assumpcio,Carrube Sajo�ia,90671696S,54500                     
343961,Floreado,Carbonel Rosado,15585260T,52600                      
343962,Adelmo,Eichler Ferrrandez,77900576J,51000                     
343964,Clavelina,Eguileta Ansun,69138346R,54700                      
343966,Albi,Almirall Brotat,20460694D,54200                          
343967,Secundina,Riloba Gairoles,90435522M,52900                     
343968,Ewald,Madrueno Gacituaga,36113841T,54300                      
343969,Flerides,Chuan Munta�a,57749764F,53400                        
343971,Carmentxu,Pendanx Borrueco,13705595X,54800                    
343976,Ghislain,Magri�a Fortuny,71896432L,54700                      
343977,Adonino,Barniquel Lois,78439981E,53100                        
343979,Bernar,Bisi Dakkak,28207922D,53200                            
343980,Cinzia,Cobos Malaga,80749234Y,52400                           
343982,Aurelina,Traynor Ciero,35688391G,51600                        
343986,Bulmaro,Cortell Cami�o,39176973S,50500                        
343987,Eurico,Nomdedeu Tortell,24101848X,52100                       
343988,Agusti,Eisig Alighetti,71462749R,51100                        
343990,Arquelao,Oterino Extremad,48476337L,52400                     
343992,Aurita,Pasquier Descanes,76930777D,50200                      
343993,Basila,Merelo Berbany,42199238B,53600                         
343995,Cassimir,Schultz Alaudi,89832706L,55000                       
343996,Eugenio,Salamone Palan,92119801V,53400                        
343998,Atilio,Pinchetti Asad,86638557H,52400                         
344000,Evaldo,Miallo Servide,86832498T,50900                         
344001,Basilia,Tobajas Cais,53762137M,53400                          
344003,Amado,Urribarri Joaquina,48033684R,51500                      
344006,Katja,Arbo Alifonso,90042629K,52400                           
344007,Katya,Cufi�o Zarranz,44811859Q,53700                          
344008,Clavelina,Macasa Madinabeitia,87046665Z,54600                 
344010,Eupsiquio,Pabolleta Gracian,60603572K,51000                   
344011,Evstati,Charneco Pla�xart,36529696S,53600                     
344012,Fidel,Chale Gallejon,11629861A,51100                          
344013,Alcides,Crexans Lorgen,22548613B,50100                        
344015,Expectacio,Chausson Pedriza,91921069M,53300                   
344016,Adewole,Belr Subinas,78523188S,50300                          
344017,Auxencio,Garau Cillekens,59446970C,50000                      
344018,Caprasio,Guardamen Maturana,42983531G,52400                   
344019,Euniciano,Otiz Posse,87321448Q,50500                          
344020,Gados,Rella Thies,85774731A,51200                             
344022,Gerard,Purcalla Lejarraga,10688578H,50800                     
344024,Bernard,Colls Fuget,51852879T,53200                           
344026,Eugino,Delmases Auzmendi,25424991D,52300                      
344029,Ammiano,Wilden Gabarcos,87956239F,50600                       
344030,Ayda,Murugo Soverino,80912011N,54200                          
344031,Angels,Munes Bellcot,99370077A,53600                          
344032,Antonino,Mialdea Freyxes,47484017B,52200                      
344035,Brazalema,Palomas Ma�anes,97614288B,50800                     
344037,Alexander,Zorrilla Bracamonto,36073568T,54600                 
344038,Amante,Guillart Armicen,39320139Y,53300                       
344039,Ambros,Seis Magnet,25496025L,50600                            
344043,Ascesion,Filiquece Folquet,44970018G,50800                    
344045,Adiela,Baptista Ranjel,60430540H,55000                        
344047,Fatma,Baison Rives,53928999W,54900                            
344049,Artura,Beltran Genoves,63192255P,50100                        
344050,Bouchra,Polgado Rijken,12524478N,53200                        
344053,Chia,Sambreijome Careta,13207926S,50600                       
344054,Aneu,Cornett Gleichmann,22407794K,53100                       
344056,Benvingut,Peinador Escarcega,88789763B,51900                  
344060,Balbanera,Iseres Esgueda,60177116P,53600                      
344061,Claustre,Santure Almera,78337262K,53800                       
344062,Aitana,Leteinturier Biu,99422846X,54000                       
344064,Artur,Legarraga Escalada,64727404E,51400                      
344066,Antioco,Raigada ,62913329A,50700                              
344067,Fran,Agostinho Cobato,56937829H,52700                         
344071,Benildes,Pinho Cacenave,54691378T,54300                       
344072,Antulio,�acle Ansesa,76961246A,51600                          
344073,Benigne,Roqui Berrasco,89662043Q,51400                        
344074,Aicha,Gesa ,60154657C,52900                                   
344076,Felicien,Agramun Civat,59934664E,51600                        
344077,Gennaro,Condomines Cutrin,88180512F,50600                     
344078,Alena,Carate Farregut,30025831K,51500                         
344079,Berardo,Puyalto Llompart,80111821S,51400                      
344082,Camino,Guapo Llaves,52726901E,54400                           
344083,Felicito,Vaxeras Cots,83134202N,55000                         
344084,Assumpsi,Villamayor Borrueco,20027202K,53700                  
344086,Evangeli,Berceruelo Cambredo,56793425P,53000                  
344087,Aleja,Equilaz Cabecera,43663160Y,52000                        
344089,Fraselin,Tetelbaun Nanjod,30463362T,52800                     
344090,Auria,Vinci Ivanoff,45344836Z,54700                           
344091,Alejandra,Revueto Esgleas,80201608X,53300                     
344093,Albinia,Curioni Arbaiza,86838801R,55000                       
344094,Alminio,Coejo Carbaldo,98239981N,54900                        
344095,Argemira,Chalup Ramonich,38709628F,53200                      
344097,Eumenio,Travesi Herera,28336595C,50500                        
344098,Arie,Alhama Amagat,80493123T,51900                            
344099,Selesio,Federio Riuero,64702007V,51000                        
344101,Avaristo,Argas Comisso,13640816E,53800                        
344102,Exiquio,Domarco Nabet,29750536J,54200                         
344105,Caitlin,Fabra Basabe,11110660G,52700                          
344107,Angels,Sandino Fontgibell,19055395X,51000                     
344109,Alcides,Messia Pavan,84807650A,50400                          
344111,Ferdinando,Barelles Redol,47458619M,51800                     
344112,Floripe,Bonson Mallor,17889453F,54500                         
344113,Avdelaziz,Ingalaturre Carabelos,68752619F,54700               
344115,Ciro,Ovelar Freso,23928661J,51300                             
344120,Bharat,Lumeras Murgialdai,38549987D,52500                     
344121,Abdulrahma,Picolo Oroval,71082305T,54900                      
344378,Biserka,Truan Llovensa,17491288H,51300                        
344380,Clavelina,Guerrer Reina,32219743D,51400                       
344381,Celedonio,Delmau Almestre,25094142S,52300                     
344387,Basilea,Loggia Rebellon,11501908E,50800                       
344391,Eutimio,Mestrat Lamolilla,82576464R,54500                     
344392,Angosto,Portomere Mumbrado,88776773Q,53900                    
344394,Generala,Freneda Montmany,88407183J,54700                     
344396,Aina,Cerreduela Arasco,55316125K,54700                        
344398,Anasvea,Pasias Peres,27296676T,52500                          
344401,Ami,Arcauz Armisen,79961422J,54000                            
344402,Albano,Canobas Acsensi,63334524E,51500                        
344404,Admiracion,Pellitero Budi,62190225L,50500                     
344406,Brindis,Rostand Ciruelas,32252623E,54600                      
344407,Ginny,Aranzamendi Aventin,80165331G,51700                     
344408,Arabela,Balnch Bitrian,25826217T,53100                        
344409,Alegria,Minobis Modena,38960661H,50300                        
344412,Bienvenido,Felgueras Alorro,81543161L,53900                   
344413,Cesarina,Palle Urazan,88726432E,51200                         
344418,Anacleto,Ybarreche Morisco,21362046Z,53100                    
344424,August,Dao Berasategui,24880856P,51900                        
344426,Alcira,Principe Escorriola,13660775V,54500                    
344429,Fauzi,Amuchastegui Embodas,51508559J,52000                    
344432,Angeles,Rafin Foget,76674619W,51200                           
344433,Agilio,Crete Cordoves,14403301B,50000                         
344434,Bernhard,Pederol Lanfrey,16695281H,52900                      
344435,Expedita,Seralta Undabarrena,11464211E,54600                  
344436,Giocondo,Insenser Olbar,30691060K,52300                       
344438,Alborada,Budelo Montbardo,25032173P,50700                     
344441,Garcia,Gamel Arleaga,63206485R,50800                          
344443,Gael,Chujfi Bagis,91926722T,51300                             
344444,Ivan,Bajamar Torre,73213637J,53200                            
344445,Ariane,Rijoan Balsas,96778135T,51300                          
344449,Baldomer,Fleixas Guelbone,59484772X,51600                     
344450,Armandina,Acuyo Arganda,75374694Z,54300                       
344453,Ca�os,Mizraki Cichero,43413920V,50500                         
344455,Auria,Raich Bichua,25148533B,52500                            
344458,Brinidilda,Alberto Eberlein,62567232X,55000                   
344459,Eustaquio,Rivo Lasry,28584540W,52000                          
344463,Bolos,Adradas Oyamburu,97929665N,51500                        
344466,Castro,Guede Alvedra,27030957T,50300                          
344468,Asnoraldo,Fontecha Sanavia,74454879S,51200                    
344472,Cary,Sabando Avellanesa,65454727Q,52100                       
344479,Arabela,Gamisel Femenia,84116706W,53200                       
344481,Apolonio,Castellsaguer Larosa,69198540G,52300                 
344482,Centola,Simonet Casellas,78598805P,54300                      
344485,Ariadna,Bernabe Borregon,58707163P,53500                      
344486,Caprasio,Kleewein Culpian,50516754Z,50600                     
344488,Gerar,Manjarin Ahijon,85329643B,50000                         
344491,Benigno,Balcells Parramona,15388678E,53500                    
344492,Charo,Joval Oropeza,24478083B,51100                           
344865,Caritat,Anievas Ca�on,21237651A,52800                         
344866,Fulvio,Nogeira Melian,72700900Q,50200                         
344867,Alba,Agero Caza�ez,78570385Q,50900                            
344868,Cirino,Puertolas Anguix,34763859A,54900                       
344869,Clemades,Pre�anosa Geranio,12197898D,51100                    
344871,Florentino,Oyaneder Obertu,73419237V,55000                    
344872,Ghislaine,Pasares Pontejo,45631184N,54400                     
344873,Brigitte,Bonaga Soles,47751705W,51700                         
344874,Chirstian,Martal Cotroneo,42884996R,52500                     
344876,Arseni,Perujo Blanchart,95902715Y,53200                       
344878,Cary,Lapeyra Violaris,98085497L,50100                         
344879,Gaudencia,Vallebrera Baselgas,86737983S,52600                 
344882,Arbi,Armoush Cobija,64411068M,53600                           
344883,Aranza,Munte Larra�egui,15640978N,53400                       
344884,Alice,Dora Cebollero,53055264Z,52500                          
344885,Eulampia,Benoniel Caberol,81681940Q,51700                     
344886,Kati,Polainas Ganzenmuller,43548208P,53900                    
344887,Angustias,Lucumberri Garguilo,73631644L,51900                 
344889,Euterio,Claje Mairelles,88119075A,50000                       
344890,Katelijne,Cesa Ladaga,49716185Y,50900                         
344891,Aniana,Troca Alcudia,80828041S,53800                          
344892,Fresnedo,Voltas Damiano,15695412M,50200                       
344894,Fredes,Gaparros A�ell,35306844G,52700                         
344895,Beny,Cichero Severes,28140016E,54600                          
344896,Ganiat,Cuartango Kudni,40193442E,51100                        
344901,Florensi,Rufie Olayo,11765153D,52400                          
344903,Fortian,Liceras Peluaga,35072666N,53800                       
344904,Gerino,Yafari Inestal,75817970B,52100                         
344910,Aubert,Terruella Noda,48490635B,50700                         
344911,Gavino,Amurrio Voevodsky,65555357K,51600                      
344913,Gerard,Regany Lecube,25089385L,50400                          
344914,Claudi,Seradell Mamzanera,35122515C,51100                     
344916,Fameyong,Seiva Sexmau,99910712T,52000                         
344917,Ffrancisca,Figeroa Auroux,62335318M,53200                     
344918,Alejandrino,Spieth Gabarda,95368846J,50500                    
344919,Cesare,Pacreu Alius,79373965E,50400                           
344920,Amanda,Hening Solorzano,79014765J,53000                       
344922,Andreina,Leisner Blanchar,55153024J,52800                     
344923,Bertomeu,Guillemot Recacha,42564090Z,51000                    
344924,Fredesvint,Primatasa Ginovarte,31349110H,52000                
344928,Basi,Saldes Rutes,22655875R,54100                             
344929,Capilla,Benshimane Faricla,79778112J,52300                    
344932,Amalia,Palacioa Bastide,63132323Z,52100                       
344933,Berardo,Gazdon Luna,19766870A,53100                           
344934,Genebrando,Cheda Liceran,80167885M,52900                      
344940,Bridget,Leoni Formigos,12732055Z,53200                        
344941,Beneda,Miettinen Mas,60602667J,54400                          
344942,Arienne,Forniol Guanyabens,85432804V,51300                    
344943,Bartolome,Bagunya Moyos,55170666Z,54500                       
344944,General,Armillas Dalmastro,94306830E,52000                    
344946,Cardelo,Ivanow Albiz,68180170M,53100                          
344947,Fayez,Rogado Mendozade,48072326A,52900                        
344948,Albinia,Bray Alfranca,67868094Q,52600                         
344950,Castell,Bermejho Svab,14249807L,52100                         
344955,Anastasia,Fauli Colorado,28543740G,50200                      
344956,Bellarmina,Ubeda ,61974193A,53400                             
344957,America,Alcobendas Mernil,35326218N,50100                     
344959,Aquino,Agust Mayal,83841815F,50200                            
344961,Chien,Aperador Gamcham,25231108Q,50000                        
344962,Fatma,Navarry Ripeu,93710139C,50400                           
344964,Azar,Gurillo Helu,29416655T,54300                             
344967,Anai,Georgiou Paal,54040679V,54500                            
344968,Fesal,Ponseti Venceslao,19668437X,54700                       
344969,Falgas,Wyneken Sayats,41426087M,51100                         
344971,Carlina,Culubret Conal,57494200L,50400                        
344972,Anselm,Marroco Marva,42245899M,50600                          
344973,Anselm,Fazal Cammany,65457351H,50400                          
344974,Bellarmina,Mutos Friedrich,70658441A,52300                    
344976,Gabriela,Anders Sumner,36028564F,51400                        
344979,Eustaquio,Rasclosa Gots,57406093W,51800                       
344983,Ali,Vaguero Vella,42950009Q,51100                             
344984,Candelo,Guruciaga Vidri,73362893T,53100                       
344986,Adiela,Horiuel Altzibar,96745187B,50200                       
344741,Celerino,Guiset Barzuin,48096466Q,54500                       
344744,Belvis,Baques Vertes,85466055X,53900                          
344746,Bente,Mercede Verguer,94628489A,54000                         
344747,Florentin,Casaucao Cenzual,73516733Q,54900                    
344752,Amaranta,Partearroyo Druon,16422653D,51500                    
344754,Florence,Dimailig Espido,90397401H,52300                      
344755,Casta�ar,Nostrakis Lebrancon,14008772R,52200                  
344759,Alfons,Joanpere Guau,23573602M,50800                          
344760,Beneta,Pehinch Yacubi,46606744G,51900                         
344761,Calixto,Gaceniz Valensa,11506063Z,52700                       
344762,Fontcalda,Ehrler Vicenc,36692585H,51500                       
344763,Centola,Ferrujola ,60900009B,54900                            
344765,Cesca,Antras Arrillaga,20194572C,50500                        
344766,Arseni,Furquet Ubiergo,56557054P,52400                        
344771,Christin,Kauer Bu�ales,26780284G,53500                        
344772,Alessia,Rouse Onrruvia,10530451Q,50400                        
344774,Ezio,Simeli Arpio,88834971R,54800                             
344775,Carma,Mesallez Mure,31448995Z,53100                           
344776,Exuperanci,Arjona Corbalan,16809649F,51000                    
344777,Albarina,Gaffe Alhamwi,41644388J,51600                        
344779,Buby,Margalida Iruta,54083931Y,53800                          
344781,Felician,Ropero Minaix,33838278B,50900                        
344782,Adamo,Barbellido Gaspart,44292697X,50800                      
344785,Cinzia,Abreu Rene,78927750F,53000                             
344788,Bellalmira,Dorrego Beliz,59974772H,50200                      
344791,Arturo,Rufart Sarmento,44610314C,54100                        
344792,Gerard,Signes Eftoch,73156805S,52400                          
344795,Gerhard,Muar Presentacion,12333720Q,53200                     
344798,Falgas,Lopazo Sundheim,49423751V,52300                        
344801,Asensia,Mallorques Solanot,89699453M,51800                    
344804,Frida,Moeller Galmes,26319738X,51300                          
344805,Ceferino,Arbosa Noallas,66114288Y,52500                       
344808,Seberiana,Berengena Marcillas,92090319K,53100                 
344809,Flabio,Muncunill Tersserras,21324140N,52200                   
344810,Balqees,Rottazzi Astort,20116768W,52100                       
344811,Berivoy,Querejeta ,69606875C,50500                            
344812,Fructado,Huste Cascall,81530245Y,54600                        
344813,Gerhard,Schieber Cascajares,53165128F,52900                   
344814,Atocha,Llido Barranqueras,90131275W,54100                     
344816,Fina,Llumet Gerboles,17652296A,52400                          
344820,Azmat,Fentanes Brimomes,80915818R,53100                       
344821,Abdou,Cayuelas Dardallo,98137962K,54900                       
344823,Bouchra,Borobio Peshitz,39120116Z,50700                       
344824,Fontsanta,Verdeguer Mahfouz,44614383H,52900                   
344825,Carme,Molluna Folla,32589486G,50200                           
344826,Flerida,Gerique Ondo,47287976E,52900                          
344827,Cervello,Guri Fontcuberta,82958522Y,50600                     
344829,Florence,Masgomieri Andreus,25069441Q,54200                   
344831,Ca�osantos,Cayoso Gancella,44753032T,53600                    
344833,Bentura,Crespi Monzu�e,59200987E,51100                        
344834,Abdeselan,Blenner Gurupegui,71829137E,51800                   
344836,Artemia,Berruga Branbariz,80885841Q,52200                     
344839,Gila,Prax Gilperez,43926838N,53600                            
344840,Cirila,Bussot Teison,93442357G,52300                          
344841,Booz,Sabench Flore,16479099J,53400                            
344842,Florensi,Blimenes Ostal,15750033R,50600                       
344844,Bernat,Rubiato Picart,42437673M,54900                         
344846,Amat,Aragon Verstappen,65584070F,53700                        
344847,Eveline,Displas Malras,47289067D,50600                        
344849,Bertino,Baglietto Behemerid,32094982T,54400                   
344850,Aquil�li,Munilla Plandolit,87649951X,52300                    
344853,Floberto,Pilaya Abdelli,56759779B,50700                       
344854,Albino,Biondi Casanobas,96979620M,51600                       
344855,Fedora,Verano Deig,17783638S,52700                            
344856,Audacio,Barcons Ballobar,18002449G,53300                      
344857,Gaby,Campodarre Bengoetxea,93909166M,54800                    
344858,Angeles,Se�oron Taverner,69482978R,55000                      
344859,Americo,Ramillo Tem,20724946Z,54100                           
344860,Almerio,Labazuy Ductuyat,19975672B,50200                      
344992,Ascanio,Ballada Irabedra,93072918Z,50700                      
344994,Frasquila,Bidegain Ferrin,64664976Q,53300                     
344997,Carme,Linford Corralejo,39968369G,51800                       
345000,Aniceta,Frechine Axelsson,99853803Q,51800                     
345001,Cherif,Kochel Barillas,86193443T,50900                        
345002,Braulo,Marquina Barrilero,52639161G,51400                     
345006,Celdonia,Man Ornat,45559133C,53800                            
345009,Fredi,Semper Sesar,11282442E,50800                            
345016,Gariel,Moncalvo Relvas,57631882T,53300                        
345018,Fatia,Gaban Oriach,38153712R,52900                            
345019,Gaietana,Frowein Viella,69734745X,52000                       
345020,Arienne,Lomillos Salces,82126363X,54400                       
345021,Cesarina,Ontagas Pelalvo,18676908B,50200                      
345023,Filonila,Wilmer Ardeo,17202650F,54800                         
345024,Aitziber,Villores Ungueti,69974074R,51200                     
345025,Benjamina,Nistral Carrami�ana,24335396Q,52700                 
345026,Alvar,Girat Noguero,93343709A,53600                           
345027,Arhimou,Comet Shnaiti,27167620C,50100                         
345028,Flotilda,Vannereau Laparre,94195070L,54400                    
345031,Atocha,Porres Cauque,32102508M,52000                          
345032,Claustre,Guiteres Bocache,85148689K,50600                     
345034,Fauzi,Posadilla Pasarin,28099011A,52800                       
345036,Fedra,Yserte Pe�al,57852329S,52000                            
345038,Basiliki,Villaronga Escarpente,90846976N,52500                
345039,Ba�os,Vieco Sanjulian,96330430J,52900                         
345040,Geminiano,Ebile Clots,44565642Z,54700                         
345042,Floberto,Oranich Troni,41982078V,52100                        
345043,Cecili,Garavoa Ballart,31391094G,54400                        
345044,Bienue,Muerto Galietti,62942382F,54600                        
345046,Clelia,Nicolovius Palmerola,84591279Q,53400                   
345048,Eutropia,Bassach Calabor,10631252P,52200                      
345050,Filiberto,Carque Cobaba,81951264X,52500                       
345051,Gibril,Arriaran Luri,67232060R,53000                          
345052,Arcadio,Tapioles Regollada,58273629R,53800                    
345055,Aleth,Luciani Oraa,25891098K,50900                            
345056,Exuperio,Montiel Jarme,77579074M,51900                        
345057,Gerhard,Arrasate Tafalla,11738320V,53500                      
345059,Amaia,Cusido Gobert,36563967Q,54800                           
345060,Franklin,Zuheroz Dellepiane,16546737P,51300                   
345061,Gedeon,Oncino Lliuro,65946733Y,52300                          
345063,Gaietana,Olivella Maneyro,99792174G,53100                     
345064,Farran,Balmforth Saied,23443143W,54800                        
345067,Adnan,Beidenagl Labia,15062439S,50000                         
345068,Felisario,Cadaques Bousqueton,43220115X,50000                 
345069,Anastasia,Bousigue Ebile,44524838N,53800                      
345070,Abderrahman,Chavarrias Paxeras,74075914K,52200                
345072,Eulalio,Ovejano Colon,36316750A,51500                         
345074,Fracesca,Bigu Gatti,77859135H,53200                           
345077,Batistina,Onega Johansson,65553166S,53300                     
345079,Andreas,Martineo Padreyn,72444416M,51800                      
345081,Angelino,Dillet Lahera,83725159F,50500                        
345082,Argelia,Cuyto Caubriere,89132155W,52200                       
345086,Alfa,Cubeiro Avella,68684321L,53700                           
345087,Eumenio,Casco Poarch,29236532J,51800                          
345088,Gerson,Lineo Parearroyo,32391388M,51100                       
345091,Farouck,Nached Anca,55202233W,52300                           
345092,Celso,Auyanet Dorph,12233024Z,51500                           
345093,Bernando,Dumenjo Milagros,83226025L,54200                     
345097,Feliz,Boto Alventosa,82547258M,54300                          
345099,Gianfranco,Txintxurreta Aebullida,48227668A,51800             
345100,Beatrice,Cerboles Pijoan,90137743F,52800                      
345101,Arantxa,Donera Pugtio,73710075C,54200                         
345102,Balma,Santis Alansari,52809470K,53000                         
345103,Brahiu,Tobe�as Perejil,62907852T,54200                        
345105,Argimiro,Albi Gaudin,14325334Z,50500                          
345109,Calos,Betida Montegui,74582590F,54300                         
345111,Felixo,Sarso French,57266872T,53400                           
344494,Frasquila,Eleuterio Amondarain,42598466M,52000                
344495,Audencio,Villarba Zava,36913193X,54900                        
344496,Afrodisio,Rubias Montals,97747383M,53200                      
344497,Franclin,Monsec Abante,89907291S,51700                        
344505,Gerino,Cat Salvadores,11633545F,51900                         
344506,Gaudencio,Larzabal Gurrea,65692050W,52500                     
344507,Cesare,Viladro Amezola,76988751T,53200                        
344510,Baldo,Gordiola Bassard,45949766K,53500                        
344511,Abdelkader,Bantula Barraca,33624203C,52500                    
344514,Austiana,Ballell Branchadell,75757634G,52300                  
344515,Andre,Garuti Panosa,36663511Q,53200                           
344516,Chui,Gutiorrez Beis,37205154D,54400                           
344519,Abi,Iguala Buscas,62986028E,54600                             
344520,Gilbert,Strens Acezat,29680881W,52600                         
344521,Finamor,Palov Tomsen,12617253M,51600                          
344522,Baldomero,Descubes Cirue�o,52085212X,52000                    
344523,Adjuntorio,Bartolome Gauchola,27101276P,52700                 
344525,Exiquio,Quivent Yazbeck,72307332R,50200                       
344526,Celso,Masauli Cuartos,31609320Y,53000                         
344527,Ferney,Ibargaray Baquerizo,59661748R,52600                    
344528,Briguida,Minobes Badules,84973573G,53100                      
344529,Frimari,Gausch Bonochea,37781059V,54700                       
344530,Agustias,Ferry Blacquez,24865762W,55000                       
344531,Foix,Taja Moghli,77106568B,53800                              
344536,Ascencion,Barckhahn Forgas,56101999P,53600                    
344537,Benon,Cherrail Mussarra,36358538T,50100                       
344538,Eurico,Ruggiero Balbas,86602998V,54400                        
344539,Alexia,Selles Armenteros,21565295N,51900                      
344542,Celerino,Carcacer Semi,76461115F,51500                        
344543,Belinda,Guadalupo Carvo,76841161R,53700                       
344544,Fermando,Guia Macenta,61562348L,52700                         
344546,Alvara,Zuna Siron,67748966M,52400                             
344548,Belkis,Rimont Gustamante,86164443A,50000                      
344549,Balvino,Calzadilla Balaes,58698587B,52700                     
344550,Genma,Lemi�ana Sbert,79448276C,52400                          
344551,Aluaro,Laborda Tino,89378332X,54100                           
344552,Arfeli,Mangue Martimez,52014684T,53900                        
344553,Francisa,Xicart Reman,11311714S,52500                         
344556,Albertina,Aulinas Shini,50337332S,52300                       
344560,Circuncision,Girbau Donaldson,81734711W,50200                 
344561,Calamanda,Buterez Quemada,75210962L,53000                     
344566,Seberiano,Bobon Tijon,61678675N,52400                         
344568,Beline,Generezo Albala,66770051Q,52800                        
344570,Gervasi,Borrul Figuereo,45616832N,54800                       
344571,Belem,Macho Berocal,59880540V,51900                           
344572,Facundo,Amuedo Herola,49207136Q,50900                         
344573,Bartolomeu,Caflisch Galiot,11044953P,53100                    
344575,Avilia,Clements Gabido,98833838D,53500                        
344576,Gabi,Virallonga Torquemada,19337082Q,50500                    
344578,Georgia,Atsset Regol,15720349X,52300                          
344580,Chelo,Espinoz Mercet,59217241S,53600                          
344582,Gabino,Pamios Bort,79108577P,50600                            
344583,Audilio,Marrama Artigues,95376510H,53200                      
344588,Azuzena,Cerra Baubi,55109305V,50800                           
344589,Exiquio,Bartrolet Geresuela,78910375C,51400                   
344591,Anunciacio,Hormichea Salpico,23079673R,50100                  
344592,Alexander,Jaudenes Racimo,15610288G,52700                     
344593,Antigona,Malaspina Pomedio,18127738N,53100                    
344594,Evangeli,Barbudo Alduan,86715033L,53400                       
344595,Baldovino,Recobert Alcobendas,88432197A,53300                 
344597,Fakhrieh,Escovedo Buils,84691038R,52800                       
344598,Ciril,Carcase Tabue�a,34382999T,54900                         
344602,Eusiquio,Bu�uales Loran,60871559N,52300                       
344604,Bharat,Leybrus Quimaso,57679082G,50000                        
344608,Anunciacion,Leonori Du�ach,39307866S,52400                    
344609,Flaviana,Borchardt Barbarroja,20986159Q,54100                 
344610,Fadrique,Capmaso Caraduje,19876495X,55000                     
344614,Felisario,Power Fouseca,83685504G,50400                       
344615,Fausta,Junza Estero,25372791L,53900                           
344618,Anahid,Knopp Trinche,24236856P,52300                          
344620,Chiquinquira,Me�o Atalava,82681055B,51400                     
344621,Andreas,Pochaes Casaleiro,52243251Q,54800                     
344624,Abundi,Angorilla Riera,68584805R,52800                        
344629,Ambrosia,Tracon Saladrich,63624708S,51400                     
344630,Gilma,Sardi�a Ducal,15490523T,51400                           
344631,Cassimir,Mataloni Oquendo,10779683C,52900                     
344632,Floreano,Goyanes Pellegrini,39899300G,53400                   
344634,Aref,Marchesi Hidalgos,28433058K,52400                        
344635,Antioco,Collel Larraondo,65837230Y,51000                      
344637,Eurita,Ramentol Rosan,77398945N,51400                         
344641,Geresalt,Lampreave Ribio,60874708X,52000                      
344645,Benardino,Seubas Callan,75325022E,53200                       
344646,Acindino,Aybars Pivida,50797523E,51700                        
344648,Anahid,Berrire Sanige,78442335F,51600                         
344651,Cassimir,Gamo Falcao,57321770C,51800                          
344652,Arlo,Ronchel Alagon,20190632J,50300                           
344662,Berty,Lardin Alivares,83072614H,53400                         
344666,Acracio,Mendive Dinten,21773750H,53500                        
344667,Florentina,Dodo Baldevey,91796414X,50200                      
344670,Auri,Moritan Galino,19171239A,54600                           
344673,Finamor,Esta�ol Toyran,48327608P,54000                        
344674,Fred,Larrumbe Llurens,42114577J,54700                         
344675,Ausibio,Blat Zea,70636703T,51500                              
344678,Chuen,Devillers Aliacar,24875174F,51400                       
344679,Ewald,Adra Toboada,30678105S,51700                            
344681,Fidel,Cantador Chisbert,57091055H,53200                       
344682,Aubert,Lamrime Sansana,53386289T,54700                        
344683,Farouck,Mojio Duesco,96891055J,54600                          
344689,Ataollah,Riza Abitbol,86895533S,52500                         
344691,Karkour,Jouary Grisau,41647870E,53700                         
344692,Audilio,Gustemps ,68823081C,54800                             
344693,Almuth,Sanclimens Alius,83382350J,53000                       
344694,Fidencio,Esportero Fuks,53036151Z,54400                       
344695,Albida,Gulin Cavero,15616815E,54900                           
344696,Faustinian,Burgell Alechaga,79780362D,52500                   
344697,Baldo,Gerones Novarese,99855050K,54600                        
344698,Araitz,Tremoleda Vallcaneras,47577150V,53400                  
344699,Alpidio,Dinelli Alconchel,80703613V,52300                     
344701,Adamina,Tarraso Priou,59538128Y,54200                         
344705,Aghdas,Navasa Campion,40834870A,54300                         
344706,Gaelle,Bau Echavarri,94008855N,50400                          
344717,Cesario,Aboin Castronuevo,65594413T,51400                     
344720,Ascher,Ferez Belastegui,72214078N,52300                       
344723,Genuino,Sagastegui Oronos,48194779G,54600                     
344731,Abelisario,Aorio Anglerill,18837344E,53900                    
344734,Segimon,Costals Roda,41704383R,52000                          
344736,Genevieve,Revello Hermano,89163672D,52800                     
344737,Facunda,Woessner Ibaceta,40180871D,51200                      
344738,Antoni,Yyau Uarte,37376318F,50900                             
344739,Arselino,Valez Uncala,82389584L,53500                         
345113,Blasinda,Lohse Izqiierdo,85427025B,52500                      
345114,Germaine,Yelamo Munuebra,15033020J,50400                      
345115,Aral,Wennberg Llovensa,72113225Z,50500                        
345117,Arlinda,Mairelles Seada,73472846J,53300                       
345118,Ezequiel,Sartolo Naftel,61083432D,50300                       
345121,Beneda,Flaire Stephens,54555250D,51200                        
345124,Aimar,Anzaire Ti�ena,95518593F,51200                          
345126,Ani,Loyal Arrecibita,21280766Q,54500                          
345128,Caya,Ghelli Bayarre,54068464H,50300                           
345130,Antonino,Allas Javalones,49352896W,54300                      
345136,Geronima,Seaone Sires,91597918G,51800                         
345137,Albida,Cocchini Montory,49141253M,51800                       
345138,Firelay,Cartaxo Omaechebarria,40338472Z,51800                 
345139,Fola,Carbone Ocmando,10640946L,51200                          
345140,Charbel,Aberturas Bartrolich,91576644M,54300                  
345141,Cederina,Barret Zan,47361574C,54400                           
345144,Argimiro,Jarilla Bonome,51301602X,50300                       
345145,Andre,Minero Reygada,75583407W,50400                          
345147,Batista,Recaste Pocuna,32754218X,52900                        
345150,Cele,Boudet Boliches,13501135C,52600                          
345151,Cederina,Manzaneda Adolfa,88385684L,52400                     
345152,Circe,Urzola Celier,84077994E,53500                           
345159,Bosco,Vilarrocha Ribota,43942543P,52000                       
345160,Gallego,Caros Botanes,73860286H,50100                         
345161,Arancha,Bruzac Bulbena,95244304Q,54800                        
345164,Bartolomeu,Cusa Forti,79008073Z,53000                         
345166,Agusti,Bargue�o Violat,82615958G,52500                        
345169,Franz,Seldas Mu�os,73292932M,53100                            
345170,Carrodil,Monedro Mediel,11400586S,53200                       
345171,Bulmaro,Mohler Urtubia,44688191L,55000                        
345172,Artemi,Howard Lizama,50988073V,54100                          
345174,Balqees,Duffield Tubino,56409522K,52600                       
345176,Filomena,Jang Brajones,57464700M,54200                        
345178,Astasio,Pinotti Marques,74342238M,52200                       
345179,Eugrafa,Bordalas Tauriz,71138865A,53400                       
345180,Atenodoro,Merand Ferrand,88068319P,54400                      
345181,Bartolomea,Silleros Schuterman,74371374T,50700                
345184,Audilio,Cirue�o Boscasa,48200355Z,55000                       
345186,Frene,Pererira Unamunzaga,14506843F,51200                     
345187,Carmen,Mallafre Lipe,54182810P,50300                          
345191,Favores,Atienzar Ramero,27668978R,51600                       
345192,Fritz,Casalini Marhet,33203699W,51500                         
345194,Blasa,Comallonca Carde�osos,13639093R,51800                   
345195,Alamino,Gorju Mondejas,16550870R,51300                        
345197,Kathrin,Zamarreno Cervo,72438541H,51100                       
345198,Atilio,Wuenscher Cole,68358954X,50100                         
345200,Eustaquio,Verdial Calzadilla,91815543A,54300                  
345202,Sem,Burhkardt Margitic,66364063R,52300                        
345203,Arcos,Lull Parwani,36463644L,52700                            
345207,Campoamor,Cantarone Villao,11089110M,53700                    
345208,Gerau,Valoix Castignani,39324620W,52000                       
345210,Fernandod,Opi Sarraga,27862474K,51400                         
345214,Arcos,Estaje Gurnes,96324017V,50200                           
345216,Alheli,Esquer Coms,89715754E,52300                            
345217,Alessia,Caballero Actrachs,40944957N,51700                    
345218,Aire,Reguart Angelaga,79072540N,55000                         
345219,Bertrand,Bagata Esculte,43408596Y,54100                       
345220,Ferranda,Casahura Benchetrit,71032455Z,50000                  
345222,Calista,Lundgren Ia�ez,79665083Y,52100                        
345223,Antolino,Orejudo Bellette,32182923N,50300                     
345224,Austraberta,Aldeger Coya,99935827E,52700                      
345226,Auxencia,Fruehman Pararnau,12458325F,53300                    
345227,Amigdio,Ganzon Cillo,17896162T,52200                          
345230,Cesidio,Ruspira Bujeda,98466889W,52300                        
345231,Armand,Schener Tabuas,73271501X,51500                         
345233,Aline,Bolzoni Cubillos,46725746G,54700                        
345361,Cami,Curtinas Navarrog,60836034E,50300                        
345363,Asser,Costanza Mariner,63333906W,51900                        
345364,Germaine,Lecube Armengo,96703050X,53600                       
345366,Agileo,Gabal Apezteguia,22241651F,52700                       
345368,Cami,Ripon Mulool,31336013P,50800                             
345371,Campo,Tejumal Tato,60026419F,50500                            
345374,Anatalia,Poquet Cosson,89091359P,51200                        
345377,Antoliano,Manzanilla Toranzo,79213265T,50600                  
345380,Brezo,Merkh Unarre,19222282D,54800                            
345382,Festividad,Torrijos Moldon,17137003W,52800                    
345384,Florenciana,Fabian Benach,77266028N,53000                     
345385,Gaspy,Lafarga Rivo,14140084Y,50600                            
345390,Aderino,Rafal Chaguaceda,16343149Q,50300                      
345391,Faika,Jerdoy Purchetto,68108567R,54100                        
345392,Avigail,Jaldon Sences,16816637A,52700                         
345393,Aymon,Apresa Sio,36151596N,53000                              
345396,Belenita,Cebellan Prisach,96099922B,52800                     
345397,Gervasio,Fortou Blageles,68203074R,51200                      
345398,Carole,Giminez Bosques,54919451M,53800                        
345399,Amandina,Millames Kendall,28482570Z,50900                     
345400,Eusebio,Dotes Ortin,67312580K,54600                           
345401,Chiquinqui,Isaza Ramells,35319657Y,53300                      
345402,Artemisa,Franques Tordecillas,11048816F,51300                 
345407,Benyahia,Santiberi Frean,40088437N,53700                      
345408,Flaviano,Decker Cuetos,84282753N,52800                        
345413,Cardelo,Nivelick Strezedulla,90740115D,54900                  
345416,Felide,Nogueiras Lastortras,60857398L,50400                   
345418,Basili,Gabarda Lanbies,85367923L,50300                        
345419,Ghazi,Enzler Gazal,49359949V,53200                            
345426,Gavina,Scheef Miramanda,68061242X,51400                       
345428,Amador,Bartan Gazulla,97972376N,54300                         
345429,Algimira,Tornal Vid,26307593D,53300                           
345431,Benicio,Moragull Tucho,42411087F,52800                        
345432,Fina,Terrell Serrat,96413870D,54500                           
345433,Genadia,Jaumot Ocerin,56030656B,54100                         
345438,Amancio,Berga Cubilla,68277658L,50300                         
345441,Faust,Llunell Casta�o,66439024M,53000                         
345442,Candelas,Yufera Perchaxs,44008223T,52100                      
345443,Fatima,Camprubi Etcheverry,75784323J,53900                    
345236,Gervasi,Collomb Couceiro,28080371Q,51600                      
345241,Ceu,Santeulalia Santiagos,54714272D,51800                     
345242,Artelina,Roble�o Fucho,31977573Y,53700                        
345243,Arcangel,Metje Maymon,32280579X,51400                         
345248,Baldo,Bianciotto Reboiras,93783295J,54200                     
345253,Alfreda,Velasquez Masonis,87253883W,51400                     
345254,Armentina,Aceiton Madrilley,91332281V,51500                   
345255,Felicitaci,Zamon Bernardino,21284863L,51600                   
345258,Froila,Perdrieux Bail,25156673D,52900                         
345259,Aventina,Gutiorrez Escrisch,78958324Z,51500                   
345261,Anadela,Almendras Vollenweider,29264682B,53600                
345262,Seberiano,Gayola Montequin,39579177H,53600                    
345266,Amano,Giovannacci Costeja,63285522X,50200                     
345268,Angeles,Escrig Salsamendi,78721141F,51000                     
345269,Assumpcio,Franqueza Buxeres,85922745N,55000                   
345270,Exuperanci,Galayo Alesina,50013156R,54700                     
345271,Amelfi,Margo Cararach,33874420C,54300                         
345272,Anusca,Jeute Turrent,82375314D,52200                          
345274,Bernard,Marena Dercole,93036374V,50700                        
345275,Frene,Barrafon Maygnon,24662311D,50900                        
345277,Facundina,Zalo�a Elfa,79278691Z,52700                         
345278,Arsilia,Teiseiro Pollatos,22589845G,54400                     
345279,Euterio,Jubrias Dellepiane,88080405L,52600                    
345280,Fielden,Halbertsma Hempel,64182013F,53300                     
345282,Bernado,Trepat Alsinellas,36643457H,55000                     
345283,Angelita,Pasarisas Tojo,95419601F,55000                       
345284,Gaetano,Frabegas Vasco,17982114R,51000                        
345285,Baldiri,Medalla Tabernilla,32184204M,53400                    
345286,Cecilio,Echuano Candelita,98063029E,51900                     
345288,Auria,Anillo Bogalo,16502909H,52300                           
345293,Andrey,Visaira Ahimas,30255197P,52800                         
345296,Antolina,Cibreiro Viguera,92064694H,51400                     
345299,Celso,Siscart Laureda,71122338J,52200                         
345300,Abi,Verodren Garanto,23472425M,52800                          
345301,Alonso,Blancafor Pilaya,40007675A,54800                       
345305,Benno,Bas Binve,37399547Y,50100                               
345308,Chloe,Parajon Maco,13264472G,50700                            
345310,Genona,Luenco Mollinedo,65598676P,52100                       
345311,Cecira,Moy Rustuler,25461436E,53800                           
345312,Alvina,Lech Torre,99941261M,53700                             
345313,Amadeus,Gimese Leizan,69307906M,54300                         
345315,Camerino,Bobi Yrla,89371089N,52200                            
345317,Abderrahman,Malabe Chacen,26247867Z,52400                     
345318,Benedictin,Beneto Majorac,78383946S,54600                     
345320,Frank,Llado Lavaquiol,70974328P,53200                         
345322,Eusebi,Marion Arbulu,97080637Y,54400                          
345324,Ageda,Mendialdua Miranes,47613526F,54400                      
345328,Gaudencio,Carrasquilla Balinches,28694536N,53800              
345330,Arsenia,Rut Jovell,26455533J,50400                            
345333,Algimiro,Badaroux Ontoria,57799623W,54600                     
345335,Ciria,Castiglio Satue,50280217D,54300                         
345337,Andresa,Chivato Rello,46714014W,54600                         
345338,Gila,Ronquete ,62444827B,50600                                
345339,Gervasia,Bardillo Constela,21222481J,51000                    
345340,Arlet,Riab Medico,13043238F,51900                             
345341,Beate,Merce Guillamont,46824103J,50700                        
345342,Alberto,Alansari Amoscotegui,63188315R,51100                  
345343,Asser,Quiralte Illera,52650400L,51600                         
345344,Azela,Ribagorza Lazauca,31951992R,52400                       
345345,Ami,Kinz Alard,68511852G,52200                                
345346,Andes,Tragan Gaon,38301946T,50800                             
345348,Gaminella,Seri�ena Bolear,30707662V,52400                     
345350,Bouchna,Gauto Torredeflo,45200977C,52500                      
345351,Boni,Solsanor Permisan,70175735K,53700                        
345355,Amor,Samaniego Vima,13389481P,52500                           
345357,Andy,Reglero Piles,79572111T,51300                            
345358,Aleixandre,Esquej Extremo,26699962K,50400                   